text	sentence	is_ambiguous	explanation
The man saw the woman with the telescope.	The man saw the woman with the telescope.	True	This sentence can be interpreted as either the man saw a woman who was holding the telescope, or the man saw the woman while using the telescope to look at something else.
The woman saw the man with the telescope.	The woman saw the man with the telescope.	True	This sentence can be interpreted in more than one way. The phrase 'with the telescope' can refer to the man being seen through the telescope, or the man being the one holding/using the telescope.
Man with the saw telescope woman the with.	Man with the saw telescope woman the with.	True	The sentence is ambiguous because it can be interpreted as 'The man with the saw is looking at the woman with the telescope' or 'The man with the telescope is looking at the woman with the saw'.
The man saw the woman with the microscope.	The man saw the woman with the microscope.	True	This sentence is ambiguous because it can be interpreted as either the man saw the woman holding the microscope or the man saw a woman who was being looked at through a microscope.
The man saw the woman with the monoscope.	The man saw the woman with the monoscope.	True	The word 'monoscope' can refer to a device used for observing the moon, or it can refer to a type of microscope. This sentence is ambiguous because it's unclear which meaning of 'monoscope' is intended, allowing for two possible interpretations of the sentence.
The man saw the woman with the spyglass.	The man saw the woman with the spyglass.	True	This sentence can be interpreted as either the man saw the woman who was using a spyglass, or the man saw the woman along with someone else who was using a spyglass.
The man saw the woman with the binoculars.	The man saw the woman with the binoculars.	True	This sentence can be interpreted in more than one way because it is unclear whether the man saw the woman who was holding the binoculars, or whether the man saw the woman looking through the binoculars.
The man saw the woman with the camera.	The man saw the woman with the camera.	True	This sentence can be interpreted as either 'The man saw a woman who had a camera' or 'The man saw the woman while she was holding a camera'.
The man saw the woman with the phone.	The man saw the woman with the phone.	True	This sentence is ambiguous because it could be interpreted as either 'The man saw a woman who had a phone' or 'The man saw the woman while she was holding a phone'.
The man saw the woman with the polaroid.	The man saw the woman with the polaroid.	True	The phrase 'with the polaroid' can be interpreted as either the woman having a Polaroid camera or the woman being captured in a Polaroid photograph.
The man saw the woman with the glasses.	The man saw the woman with the glasses.	True	This sentence is ambiguous because it could refer to the woman having glasses (spectacles) or the man seeing the woman with someone else (e.g. a child) who is wearing glasses.
The man saw the woman with the eyepiece.	The man saw the woman with the eyepiece.	True	This sentence can be interpreted in more than one way because 'with the eyepiece' could refer to the woman having an eyepiece (e.g., a telescope or binoculars) or the man using an eyepiece to observe the woman. The context would be necessary to disambiguate the sentence.
The man saw the woman with the monocular.	The man saw the woman with the monocular.	True	This sentence can be interpreted in two ways: either the man saw a woman who was wearing a monocular (a device that helps with vision), or the man saw a woman with a single eye (a monocular, meaning one-eyed).
The man saw the woman with the dress.	The man saw the woman with the dress.	True	The sentence can be interpreted as either 'The man saw a woman who was wearing the dress' or 'The man saw the woman, and the woman had the dress'.
The man saw the woman with the book.	The man saw the woman with the book.	True	This sentence is ambiguous because it could be interpreted as either 'The man saw a woman who had the book' (i.e., the woman possesses the book) or 'The man saw the woman while she was holding the book' (i.e., the woman is in the act of holding the book).
The man saw the woman with the desk.	The man saw the woman with the desk.	True	This sentence can be interpreted in two ways: 1) The man saw a woman who was sitting at the desk, or 2) The man saw a woman with a desk (e.g., a woman carrying a desk or standing next to a desk).
The man saw the woman with the curtains.	The man saw the woman with the curtains.	True	This sentence is ambiguous because it can be interpreted as either 'The man saw the woman who was holding the curtains' or 'The man saw the woman with the curtains open'.
The man saw the woman with the box.	The man saw the woman with the box.	True	This sentence can be interpreted in more than one way because 'with' can be a preposition indicating possession (the woman has the box) or proximity (the man saw the woman who is near the box).
The man saw the woman with the present.	The man saw the woman with the present.	True	The word 'with' can be interpreted as either a preposition indicating accompaniment (e.g., 'The man saw the woman with her friend') or as a possessive adjective (e.g., 'The man saw the woman's present').
The man saw the woman with the dophin.	The man saw the woman with the dolphin.	True	The word 'dolphin' is a common noun that can refer to either the mammal or a person's name, making the sentence open to multiple interpretations.
The man saw the woman with the suitcase.	The man saw the woman with the suitcase.	True	This sentence can be interpreted as either 'The man saw the woman who had a suitcase' or 'The man saw the woman while she was carrying a suitcase'.
The man saw the woman with the gyroscope.	The man saw the woman with the gyroscope.	True	This sentence can be interpreted in multiple ways, such as the man saw a woman who was holding or carrying a gyroscope, or the man saw the woman while she was using a gyroscope. The phrase 'with the gyroscope' can be ambiguous and open to different interpretations.
The man saw the woman with the horoscope.	The man saw the woman with the horoscope.	True	This sentence can be interpreted in more than one way because 'horoscope' can refer to either a chart or diagram that predicts future events (an astrological horoscope), or it can refer to a person's birth chart (a horoscope is a person's birth chart).
The scientist saw the woman with the telescope.	The scientist saw the woman with the telescope.	True	This sentence is ambiguous because it can be interpreted as either the scientist saw a woman who was using the telescope, or the scientist saw a woman with a telescope (e.g. a woman who is holding or standing next to the telescope).
The guy saw the woman with the telescope.	The guy saw the woman with the telescope.	True	This sentence is ambiguous because it could be interpreted as either 'The guy saw the woman, who was holding the telescope' or 'The guy saw the woman with the telescope, meaning the guy was using the telescope to see the woman'.
John saw the woman with the telescope.	John saw the woman with the telescope.	True	The sentence is ambiguous because it can be interpreted as either John seeing the woman holding the telescope or John using the telescope to see the woman.
Alex saw the woman with the telescope	Alex saw the woman with the telescope	True	This sentence can be interpreted as either Alex seeing a woman who has a telescope (possessive meaning) or Alex seeing a woman with a telescope, meaning Alex is using the telescope to see the woman (instrumental meaning).
Mary saw the woman with the telescope.	Mary saw the woman with the telescope.	True	The sentence is ambiguous because it can be interpreted as either 'Mary saw a woman who was using the telescope' or 'Mary saw the woman that was with the telescope'.
Jenny saw the woman with the telescope.	Jenny saw the woman with the telescope.	True	This sentence can be interpreted as either Jenny using the telescope to see the woman, or Jenny seeing a woman who is using the telescope. The phrase 'with the telescope' can be parsed as either a prepositional phrase modifying the verb 'saw' or as a phrase describing the woman.
The nurse saw the woman with the telescope.	The nurse saw the woman with the telescope.	True	This sentence is ambiguous because 'with' can be interpreted as either a preposition indicating possession ('the nurse had the telescope') or a preposition indicating accompaniment ('the nurse saw the woman who was using the telescope').
The detective saw the woman with the telescope.	The detective saw the woman with the telescope.	True	The sentence can be interpreted as either the detective saw a woman who was holding a telescope, or the detective saw a woman who was in the presence of a telescope (e.g. looking at it, observing something through it, etc.).
The child saw the woman with the telescope.	The child saw the woman with the telescope.	True	This sentence is ambiguous because it can be interpreted as either the child saw a woman who was using a telescope, or the child saw a woman who was accompanied by a telescope (e.g., the woman was carrying or standing next to a telescope).
The student saw the woman with the telescope.	The student saw the woman with the telescope.	True	This sentence is ambiguous because it can be interpreted as either the student saw a woman who has a telescope or the student saw a woman with the student using the telescope.
The teacher saw the woman with the telescope.	The teacher saw the woman with the telescope.	True	This sentence can be interpreted in more than one way because it is ambiguous as to whether the teacher is looking through the telescope or the woman is holding the telescope. It could be that the teacher is using the telescope to observe something, or it could be that the woman is holding the telescope and the teacher is simply seeing her with it.
The woman saw the woman with the telescope.	The woman saw the woman with the telescope.	True	This sentence is ambiguous because it can be interpreted as either 'a woman saw a woman who was holding a telescope' or 'a woman saw a woman with her telescope'.
The girl saw the woman with the telescope.	The girl saw the woman with the telescope.	True	The sentence is ambiguous because it could be interpreted as either 'The girl saw a woman who was using a telescope' or 'The girl saw the woman while she was using the telescope'.
The boy saw the woman with the telescope.	The boy saw the woman with the telescope.	True	The sentence is ambiguous because it is unclear whether the woman is holding the telescope or the boy is using it.
The mother saw the woman with the telescope.	The mother saw the woman with the telescope.	True	This sentence can be interpreted as either 'The mother saw a woman who was using a telescope' or 'The mother saw a woman that the telescope was with'.
The father saw the woman with the telescope.	The father saw the woman with the telescope.	True	This sentence can be interpreted as either 'The father saw a woman who was using a telescope' or 'The father saw a woman with a telescope, meaning the woman was accompanied by a telescope'.
The artist saw the woman with the telescope.	The artist saw the woman with the telescope.	True	This sentence can be interpreted in more than one way because it is unclear whether the artist is looking through the telescope or simply saw the woman who is holding the telescope.
The explorer saw the woman with the telescope.	The explorer saw the woman with the telescope.	True	The sentence is ambiguous because it could be interpreted as 'The explorer saw a woman who was using a telescope' or 'The explorer saw a woman with a telescope, i.e. the woman had the telescope'.
The king saw the woman with the telescope.	The king saw the woman with the telescope.	True	This sentence can be interpreted in more than one way because it is unclear whether the king saw the woman while using the telescope or if the king saw someone else (perhaps a man) with the woman using the telescope.
The queen saw the woman with the telescope.	The queen saw the woman with the telescope.	True	The sentence can be interpreted as either the queen using a telescope to observe the woman, or the queen seeing a woman who is holding a telescope.
The weather saw the woman with the telescope.	The weather saw the woman with the telescope.	True	This sentence can be interpreted in more than one way because 'weather' can refer to either the atmospheric conditions (e.g. rain, sunshine) or a person's mood (e.g. 'I'm having a bad weather day'). The sentence could be describing a scene where the atmospheric conditions are observing the woman with the telescope, or it could be describing a situation where the woman's mood or emotional state is being described as 'saw' by the telescope (perhaps she's using it to gaze at something that's affecting her mood).
The window saw the woman with the telescope.	The window saw the woman with the telescope.	True	This sentence can be interpreted in more than one way because 'saw' can be a verb that means both 'observed' (as in, the window observed the woman with the telescope) and 'was used by' (as in, the window was used by the woman to look through the telescope).
The ocean saw the woman with the telescope.	The ocean saw the woman with the telescope.	True	The sentence is ambiguous because 'saw' can be interpreted as both a verb meaning 'observed' (e.g. the ocean 'saw' the woman with the telescope, meaning it observed her with the telescope) and a verb meaning 'was seen by' (e.g. the ocean was 'saw' by the woman with the telescope, meaning the woman saw the ocean with the telescope).
The alike saw the woman with the telescope.	The alike saw the woman with the telescope.	True	The word 'alike' can be interpreted as either a noun (a person or thing that is similar to another) or a verb (to be similar to something). This ambiguity allows for multiple possible meanings of the sentence, such as 'Two people saw the woman with the telescope' or 'The woman saw someone or something that is similar to her with the telescope'.
The plant saw the woman with the telescope.	The plant saw the woman with the telescope.	True	This sentence is ambiguous because it can be interpreted as either the plant having the ability to see or the woman having the telescope. The word 'with' can be taken to indicate possession or accompaniment, leading to two possible meanings.
